timestamp,q1_awareness_rangdosha,q2_satisfaction_pistachio,q2_1_reason_pistachio,q3_satisfaction_darkhazelnut,q3_1_reason_darkhazelnut,q4_preferred_flavor,q5_expression_rangdosha,q6_opinion_date_topping,q7_opinion_local_story,q8_satisfaction_package,q9_opinion_leaflet,q10_package_identification,q10_1_reason_package_identification,q11_price_opinion,q11_1_price_expectation,q12_purchase_intent,q13_gender,q14_age_group,q15_additional_comment
2025/05/14 1:40:28 오후 GMT+9,"네, 알고 있습니다.",5,,4,,피스타치오,전통과 현대가 조화된 창의적인 디저트;선물용으로 적합한 프리미엄 디저트,특별하긴 했으나 조금 낯설었다,지역 특산물을 현대적으로 잘 살린 것 같다,4,설명이 부족하다;심미적으로 좋다,3,,1,9000,맛있긴 했지만 조금 더 고민해볼 것 같다,남,20~30대,
2025/05/14 1:41:51 오후 GMT+9,"네, 알고 있습니다.",5,,4,대추 맛이 많이 나지는 않았지만 맛있었다,다크 헤이즐넛,전통과 현대가 조화된 창의적인 디저트,"신선하고 독특하다, 좋았다","괜찮았지만, 좀 더 알기 쉽게 강조되면 좋겠다",2,포함되어 있는 방식이 불편하다,2,,5,,맛있긴 했지만 조금 더 고민해볼 것 같다,여,20~30대,
2025/05/14 1:42:06 오후 GMT+9,"아니요, 처음 들어봅니다.",4,,4,,다크 헤이즐넛,선물용으로 적합한 프리미엄 디저트,특별하긴 했으나 조금 낯설었다,지역 특산물을 현대적으로 잘 살린 것 같다,5,예상치 못했다,3,,4,,맛있긴 했지만 조금 더 고민해볼 것 같다,여,20~30대,
2025/05/14 1:45:10 오후 GMT+9,"아니요, 처음 들어봅니다.",5,,5,,다크 헤이즐넛,간편하게 즐길 수 있는 디저트,특별하긴 했으나 조금 낯설었다,지역 특산물을 현대적으로 잘 살린 것 같다,5,심미적으로 좋다,2,,1,,선물용으로 고려 중이다,여,20~30대,
2025/05/14 1:50:28 오후 GMT+9,"아니요, 처음 들어봅니다.",5,,5,적당히 달고 바삭바삭한 식감이 너무 좋움,다크 헤이즐넛,트렌디하고 인스타그램에 잘 어울리는 디저트;선물용으로 적합한 프리미엄 디저트,"신선하고 독특하다, 좋았다",지역 특산물을 현대적으로 잘 살린 것 같다,5,심미적으로 좋다,3,,5,,선물용으로 고려 중이다,여,20~30대,
2025/05/14 1:51:57 오후 GMT+9,"아니요, 처음 들어봅니다.",5,,5,,다크 헤이즐넛,트렌디하고 인스타그램에 잘 어울리는 디저트;선물용으로 적합한 프리미엄 디저트,"신선하고 독특하다, 좋았다",지역 특산물을 현대적으로 잘 살린 것 같다,5,제품을 이해하는데 도움이 된다,5,,4,,바로 구매하고 싶다,남,20~30대,
2025/05/14 1:58:15 오후 GMT+9,"아니요, 처음 들어봅니다.",4,,4,,피스타치오,트렌디하고 인스타그램에 잘 어울리는 디저트;선물용으로 적합한 프리미엄 디저트,"신선하고 독특하다, 좋았다","괜찮았지만, 좀 더 알기 쉽게 강조되면 좋겠다",4,제품을 이해하는데 도움이 된다;심미적으로 좋다,3,,2,,선물용으로 고려 중이다,여,20~30대,
2025/05/14 1:58:25 오후 GMT+9,"네, 알고 있습니다.",4,,4,,다크 헤이즐넛,선물용으로 적합한 프리미엄 디저트;간편하게 즐길 수 있는 디저트,특별하긴 했으나 조금 낯설었다,"괜찮았지만, 좀 더 알기 쉽게 강조되면 좋겠다",5,심미적으로 좋다,2,,2,9900,선물용으로 고려 중이다,여,20~30대,
2025/05/14 1:59:38 오후 GMT+9,"아니요, 처음 들어봅니다.",5,,5,,,간편하게 즐길 수 있는 디저트;청도 지역 특산물의 맛을 살린 디저트,"신선하고 독특하다, 좋았다",지역 특산물을 현대적으로 잘 살린 것 같다,5,심미적으로 좋다,5,,4,,선물용으로 고려 중이다,여,20~30대,
2025/05/14 2:06:07 오후 GMT+9,"아니요, 처음 들어봅니다.",5,,4,대추가 좀 쌉쌀한 맛때문에 단거를 좋아하는 사람은 조금 호불호있을 수 있을것같아요!,다크 헤이즐넛,트렌디하고 인스타그램에 잘 어울리는 디저트,특별하긴 했으나 조금 낯설었다,"괜찮았지만, 좀 더 알기 쉽게 강조되면 좋겠다",5,제품을 이해하는데 도움이 된다;심미적으로 좋다,5,,2,10000원,맛있긴 했지만 조금 더 고민해볼 것 같다,여,20~30대,
2025/05/14 2:06:13 오후 GMT+9,"네, 알고 있습니다.",5,,5,,다크 헤이즐넛,트렌디하고 인스타그램에 잘 어울리는 디저트,"신선하고 독특하다, 좋았다",지역 특산물을 현대적으로 잘 살린 것 같다,5,예상치 못했다;심미적으로 좋다,5,,3,,선물용으로 고려 중이다,여,20~30대,
2025/05/14 2:06:21 오후 GMT+9,"아니요, 처음 들어봅니다.",5,,5,식감이 너무 부드럽고 적당히 달콤함,다크 헤이즐넛,트렌디하고 인스타그램에 잘 어울리는 디저트;선물용으로 적합한 프리미엄 디저트,대추 토핑 맛이 느껴지지 않았다,지역 특산물을 현대적으로 잘 살린 것 같다,4,제품을 이해하는데 도움이 된다,5,,2,,맛있긴 했지만 조금 더 고민해볼 것 같다,여,20~30대,
2025/05/14 2:06:40 오후 GMT+9,"아니요, 처음 들어봅니다.",4,부드러워요,5,맛나용,피스타치오,전통과 현대가 조화된 창의적인 디저트;선물용으로 적합한 프리미엄 디저트,특별하긴 했으나 조금 낯설었다,"괜찮았지만, 좀 더 알기 쉽게 강조되면 좋겠다",5,제품을 이해하는데 도움이 된다;심미적으로 좋다,3,별로 티가 안 나요,3,,선물용으로 고려 중이다,여,20~30대,
2025/05/14 2:10:53 오후 GMT+9,"아니요, 처음 들어봅니다.",5,엄청 고소하고 맛있어요!,5,완전 맛있어요!!,피스타치오,전통과 현대가 조화된 창의적인 디저트;간편하게 즐길 수 있는 디저트,"신선하고 독특하다, 좋았다",지역 특산물을 현대적으로 잘 살린 것 같다,5,심미적으로 좋다,5,,4,,선물용으로 고려 중이다,여,20~30대,
2025/05/14 2:10:58 오후 GMT+9,"네, 알고 있습니다.",3,,4,받을 때부터 조금 부셔져있는 부분이 아쉬웠습니다,다크 헤이즐넛,트렌디하고 인스타그램에 잘 어울리는 디저트;선물용으로 적합한 프리미엄 디저트,대추 토핑 맛이 느껴지지 않았다,지역 특산물을 현대적으로 잘 살린 것 같다,3,제품을 이해하는데 도움이 된다,3,,1,,맛있긴 했지만 조금 더 고민해볼 것 같다,남,20~30대,
2025/05/14 2:11:44 오후 GMT+9,"아니요, 처음 들어봅니다.",5,,5,,다크 헤이즐넛,청도 지역 특산물의 맛을 살린 디저트,대추와 랑그드샤가 조화롭지 못하다,지역 특산물을 현대적으로 잘 살린 것 같다,5,제품을 이해하는데 도움이 된다,5,,3,,바로 구매하고 싶다,남,20~30대,
2025/05/14 2:12:08 오후 GMT+9,"아니요, 처음 들어봅니다.",5,,5,,다크 헤이즐넛,트렌디하고 인스타그램에 잘 어울리는 디저트;선물용으로 적합한 프리미엄 디저트,"신선하고 독특하다, 좋았다",지역 특산물을 현대적으로 잘 살린 것 같다,5,제품을 이해하는데 도움이 된다;예상치 못했다;심미적으로 좋다,4,,3,,맛있긴 했지만 조금 더 고민해볼 것 같다,남,10대,
2025/05/14 2:13:05 오후 GMT+9,"네, 알고 있습니다.",5,,3,,피스타치오,간편하게 즐길 수 있는 디저트,"신선하고 독특하다, 좋았다",지역 특산물을 현대적으로 잘 살린 것 같다,5,예상치 못했다,4,,4,,선물용으로 고려 중이다,남,20~30대,
2025/05/14 2:13:37 오후 GMT+9,"아니요, 처음 들어봅니다.",4,맛있은,4,맛있은,다크 헤이즐넛,선물용으로 적합한 프리미엄 디저트,특별하긴 했으나 조금 낯설었다,지역 특산물을 현대적으로 잘 살린 것 같다,5,제품을 이해하는데 도움이 된다,5,맜랐음,5,5개,맛있긴 했지만 조금 더 고민해볼 것 같다,남,20~30대,아나요
2025/05/14 2:19:21 오후 GMT+9,"네, 알고 있습니다.",5,,5,,다크 헤이즐넛,전통과 현대가 조화된 창의적인 디저트;청도 지역 특산물의 맛을 살린 디저트,"신선하고 독특하다, 좋았다",지역 특산물을 현대적으로 잘 살린 것 같다,5,제품을 이해하는데 도움이 된다,5,,2,,맛있긴 했지만 조금 더 고민해볼 것 같다,여,20~30대,
2025/05/14 2:21:14 오후 GMT+9,"아니요, 처음 들어봅니다.",3,,4,,다크 헤이즐넛,트렌디하고 인스타그램에 잘 어울리는 디저트;간편하게 즐길 수 있는 디저트,대추 토핑 맛이 느껴지지 않았다,"괜찮았지만, 좀 더 알기 쉽게 강조되면 좋겠다",4,설명이 부족하다,2,,2,,맛있긴 했지만 조금 더 고민해볼 것 같다,여,20~30대,
2025/05/14 2:30:22 오후 GMT+9,"아니요, 처음 들어봅니다.",5,좋아해서,5,맛있다,피스타치오,간편하게 즐길 수 있는 디저트,대추와 랑그드샤가 조화롭지 못하다,"괜찮았지만, 좀 더 알기 쉽게 강조되면 좋겠다",3,제품을 이해하는데 도움이 된다,3,크,2,6000,맛있긴 했지만 조금 더 고민해볼 것 같다,여,20~30대,없음
2025/05/14 2:49:17 오후 GMT+9,"네, 알고 있습니다.",5,,5,달콤하고 맛있다,다크 헤이즐넛,선물용으로 적합한 프리미엄 디저트;간편하게 즐길 수 있는 디저트,"신선하고 독특하다, 좋았다",지역 특산물을 현대적으로 잘 살린 것 같다,5,심미적으로 좋다,5,잘 표현했다.,1,8000원,선물용으로 고려 중이다,남,20~30대,감사합니다!
2025/05/14 2:54:37 오후 GMT+9,"네, 알고 있습니다.",5,,3,,피스타치오,트렌디하고 인스타그램에 잘 어울리는 디저트,"신선하고 독특하다, 좋았다",지역 특산물을 현대적으로 잘 살린 것 같다,5,설명 용지 재질이 적절하지 않는 것 같다;예상치 못했다;심미적으로 좋다,3,,3,,선물용으로 고려 중이다,여,20~30대,
2025/05/14 3:01:20 오후 GMT+9,"아니요, 처음 들어봅니다.",4,,3,,피스타치오,전통과 현대가 조화된 창의적인 디저트;선물용으로 적합한 프리미엄 디저트,"신선하고 독특하다, 좋았다",지역 특산물을 현대적으로 잘 살린 것 같다,5,제품을 이해하는데 도움이 된다,3,,2,,선물용으로 고려 중이다,여,20~30대,
2025/05/14 3:06:03 오후 GMT+9,"네, 알고 있습니다.",5,너무 맛있어용,,,,트렌디하고 인스타그램에 잘 어울리는 디저트;선물용으로 적합한 프리미엄 디저트,"신선하고 독특하다, 좋았다",지역 특산물을 현대적으로 잘 살린 것 같다,5,제품을 이해하는데 도움이 된다;심미적으로 좋다,4,,3,9999원,선물용으로 고려 중이다,여,20~30대,
2025/05/14 3:12:36 오후 GMT+9,"아니요, 처음 들어봅니다.",4,,4,,피스타치오,트렌디하고 인스타그램에 잘 어울리는 디저트,"신선하고 독특하다, 좋았다","괜찮았지만, 좀 더 알기 쉽게 강조되면 좋겠다",5,심미적으로 좋다,2,,1,,맛있긴 했지만 조금 더 고민해볼 것 같다,여,20~30대,
2025/05/14 3:13:26 오후 GMT+9,"네, 알고 있습니다.",5,,5,,피스타치오,선물용으로 적합한 프리미엄 디저트;간편하게 즐길 수 있는 디저트,특별하긴 했으나 조금 낯설었다,지역 특산물을 현대적으로 잘 살린 것 같다,5,제품을 이해하는데 도움이 된다;예상치 못했다,3,,5,,선물용으로 고려 중이다,여,20~30대,
2025/05/14 3:22:26 오후 GMT+9,"아니요, 처음 들어봅니다.",,,4,너무 안달고 적당했다,,트렌디하고 인스타그램에 잘 어울리는 디저트;선물용으로 적합한 프리미엄 디저트,"신선하고 독특하다, 좋았다","괜찮았지만, 좀 더 알기 쉽게 강조되면 좋겠다",4,심미적으로 좋다,3,,4,,맛있긴 했지만 조금 더 고민해볼 것 같다,여,20~30대,
2025/05/14 3:32:19 오후 GMT+9,"네, 알고 있습니다.",,,5,맛있어요,다크 헤이즐넛,청도 지역 특산물의 맛을 살린 디저트,대추 토핑 맛이 느껴지지 않았다,지역 특산물을 현대적으로 잘 살린 것 같다,4,제품을 이해하는데 도움이 된다,4,,2,,맛있긴 했지만 조금 더 고민해볼 것 같다,남,20~30대,
2025/05/14 3:33:24 오후 GMT+9,"아니요, 처음 들어봅니다.",5,,5,,다크 헤이즐넛,전통과 현대가 조화된 창의적인 디저트;간편하게 즐길 수 있는 디저트,"신선하고 독특하다, 좋았다",지역 특산물을 현대적으로 잘 살린 것 같다,5,제품을 이해하는데 도움이 된다;설명 용지 재질이 적절하지 않는 것 같다;포함되어 있는 방식이 불편하다,1,,2,,선물용으로 고려 중이다,남,20~30대,
2025/05/14 3:36:39 오후 GMT+9,"아니요, 처음 들어봅니다.",5,,5,,,트렌디하고 인스타그램에 잘 어울리는 디저트;청도 지역 특산물의 맛을 살린 디저트,"신선하고 독특하다, 좋았다","괜찮았지만, 좀 더 알기 쉽게 강조되면 좋겠다",5,제품을 이해하는데 도움이 된다;심미적으로 좋다,5,,4,,선물용으로 고려 중이다,남,20~30대,
2025/05/14 3:37:23 오후 GMT+9,"아니요, 처음 들어봅니다.",,,4,적당한 달기와 알맞는 식감,다크 헤이즐넛,트렌디하고 인스타그램에 잘 어울리는 디저트;선물용으로 적합한 프리미엄 디저트,특별하긴 했으나 조금 낯설었다,"괜찮았지만, 좀 더 알기 쉽게 강조되면 좋겠다",3,포함되어 있는 방식이 불편하다,4,,4,,맛있긴 했지만 조금 더 고민해볼 것 같다,남,20~30대,
2025/05/14 3:40:15 오후 GMT+9,"아니요, 처음 들어봅니다.",5,오묘한 맛입니다 ㅎㅎ,,,피스타치오,전통과 현대가 조화된 창의적인 디저트;선물용으로 적합한 프리미엄 디저트,"신선하고 독특하다, 좋았다",지역 특산물을 현대적으로 잘 살린 것 같다,5,글씨가 작아서 가독성이 떨어지는 것 같습니다.,2,큰 쪽에서 보이면 더 좋을 것 같다.,2,10개에 만원,맛있긴 했지만 조금 더 고민해볼 것 같다,남,20~30대,
2025/05/14 3:44:36 오후 GMT+9,"아니요, 처음 들어봅니다.",5,맛잇당,5,맛잇당,피스타치오,트렌디하고 인스타그램에 잘 어울리는 디저트;전통과 현대가 조화된 창의적인 디저트,"신선하고 독특하다, 좋았다",지역 특산물을 현대적으로 잘 살린 것 같다,5,제품을 이해하는데 도움이 된다;심미적으로 좋다,5,,4,,선물용으로 고려 중이다,여,20~30대,
2025/05/14 3:56:16 오후 GMT+9,"네, 알고 있습니다.",,맛있더라구요,5,,다크 헤이즐넛,트렌디하고 인스타그램에 잘 어울리는 디저트;전통과 현대가 조화된 창의적인 디저트,특별하긴 했으나 조금 낯설었다,지역 특산물을 현대적으로 잘 살린 것 같다,5,제품을 이해하는데 도움이 된다,5,,4,,바로 구매하고 싶다,남,20~30대,
2025/05/14 4:24:30 오후 GMT+9,"아니요, 처음 들어봅니다.",4,원래 좋아합니다,5,초코는 진리,다크 헤이즐넛,간편하게 즐길 수 있는 디저트;청도 지역 특산물의 맛을 살린 디저트,특별하긴 했으나 조금 낯설었다,"괜찮았지만, 좀 더 알기 쉽게 강조되면 좋겠다",5,제품을 이해하는데 도움이 된다;예상치 못했다;심미적으로 좋다,5,,2,,ㅐ,남,20~30대,
2025/05/14 4:25:05 오후 GMT+9,"아니요, 처음 들어봅니다.",,,5,,다크 헤이즐넛,트렌디하고 인스타그램에 잘 어울리는 디저트;선물용으로 적합한 프리미엄 디저트,대추 토핑 맛이 느껴지지 않았다,"괜찮았지만, 좀 더 알기 쉽게 강조되면 좋겠다",5,심미적으로 좋다,2,,4,,선물용으로 고려 중이다,여,20~30대,
2025/05/14 4:51:42 오후 GMT+9,"네, 알고 있습니다.",5,,5,,피스타치오,트렌디하고 인스타그램에 잘 어울리는 디저트;전통과 현대가 조화된 창의적인 디저트,"신선하고 독특하다, 좋았다",지역 특산물을 현대적으로 잘 살린 것 같다,3,제품을 이해하는데 도움이 된다,4,,2,,선물용으로 고려 중이다,여,20~30대,
2025/05/14 5:08:56 오후 GMT+9,"네, 알고 있습니다.",5,,,,피스타치오,전통과 현대가 조화된 창의적인 디저트;선물용으로 적합한 프리미엄 디저트,"신선하고 독특하다, 좋았다",지역 특산물을 현대적으로 잘 살린 것 같다,4,심미적으로 좋다,2,,3,,선물용으로 고려 중이다,여,20~30대,
2025/05/14 5:11:59 오후 GMT+9,"네, 알고 있습니다.",5,,5,,피스타치오,간편하게 즐길 수 있는 디저트,"신선하고 독특하다, 좋았다",지역 특산물을 현대적으로 잘 살린 것 같다,5,심미적으로 좋다,5,,3,적절,맛있긴 했지만 조금 더 고민해볼 것 같다,여,20~30대,
2025/05/14 5:14:48 오후 GMT+9,"아니요, 처음 들어봅니다.",5,,5,,다크 헤이즐넛,트렌디하고 인스타그램에 잘 어울리는 디저트;선물용으로 적합한 프리미엄 디저트,"신선하고 독특하다, 좋았다",지역 특산물을 현대적으로 잘 살린 것 같다,5,제품을 이해하는데 도움이 된다,5,,3,,선물용으로 고려 중이다,여,20~30대,
2025/05/14 5:15:56 오후 GMT+9,"아니요, 처음 들어봅니다.",5,,5,,다크 헤이즐넛,트렌디하고 인스타그램에 잘 어울리는 디저트;전통과 현대가 조화된 창의적인 디저트,특별하긴 했으나 조금 낯설었다,지역 특산물을 현대적으로 잘 살린 것 같다,5,제품을 이해하는데 도움이 된다,4,,5,,바로 구매하고 싶다,여,20~30대,
2025/05/14 5:29:23 오후 GMT+9,"네, 알고 있습니다.",5,쿠키와 잘 어울리고 쿠키 자체가 맛있습니다!,5,진짜 다 맛있어요!!,다크 헤이즐넛,트렌디하고 인스타그램에 잘 어울리는 디저트;청도 지역 특산물의 맛을 살린 디저트,"신선하고 독특하다, 좋았다",지역 특산물을 현대적으로 잘 살린 것 같다,5,심미적으로 좋다;어떤 건지 잘 모르겠습니다…!,4,,3,"원가에 따라 다를 것 같습니다만, 쿠키 개당 가격 생각하면 일반적인 과자가 아니라 선물용으로 밀고 나가야 할 것 같습니다",선물용으로 고려 중이다,남,20~30대,스누캣 파이팅!! 
2025/05/14 5:37:25 오후 GMT+9,"아니요, 처음 들어봅니다.",,,5,,,선물용으로 적합한 프리미엄 디저트;간편하게 즐길 수 있는 디저트,대추 토핑 맛이 느껴지지 않았다,지역 특산물을 현대적으로 잘 살린 것 같다,5,설명이 부족하다;예상치 못했다;심미적으로 좋다,3,,2,,선물용으로 고려 중이다,남,20~30대,
2025/05/14 5:45:41 오후 GMT+9,"네, 알고 있습니다.",4,,,,,선물용으로 적합한 프리미엄 디저트;청도 지역 특산물의 맛을 살린 디저트,"신선하고 독특하다, 좋았다","괜찮았지만, 좀 더 알기 쉽게 강조되면 좋겠다",4,설명이 부족하다,3,,2,,맛있긴 했지만 조금 더 고민해볼 것 같다,여,20~30대,
2025/05/14 5:47:01 오후 GMT+9,"아니요, 처음 들어봅니다.",5,,5,,다크 헤이즐넛,트렌디하고 인스타그램에 잘 어울리는 디저트;선물용으로 적합한 프리미엄 디저트;간편하게 즐길 수 있는 디저트;청도 지역 특산물의 맛을 살린 디저트,"신선하고 독특하다, 좋았다",지역 특산물을 현대적으로 잘 살린 것 같다,5,심미적으로 좋다,3,,4,,선물용으로 고려 중이다,여,20~30대,
2025/05/14 5:47:37 오후 GMT+9,"네, 알고 있습니다.",5,,5,,다크 헤이즐넛,트렌디하고 인스타그램에 잘 어울리는 디저트;간편하게 즐길 수 있는 디저트,"신선하고 독특하다, 좋았다",지역 특산물을 현대적으로 잘 살린 것 같다,5,제품을 이해하는데 도움이 된다;심미적으로 좋다,5,,3,,선물용으로 고려 중이다,여,20~30대,
2025/05/14 5:51:08 오후 GMT+9,"아니요, 처음 들어봅니다.",4,,3,,다크 헤이즐넛,청도 지역 특산물의 맛을 살린 디저트,"신선하고 독특하다, 좋았다",지역 특산물을 현대적으로 잘 살린 것 같다,3,제품을 이해하는데 도움이 된다;설명 용지 재질이 적절하지 않는 것 같다;심미적으로 좋다,4,,3,,선물용으로 고려 중이다,남,20~30대,
2025/05/14 5:51:50 오후 GMT+9,"아니요, 처음 들어봅니다.",4,피스타치오 선호,5,깔끔하다,다크 헤이즐넛,선물용으로 적합한 프리미엄 디저트,특별하긴 했으나 조금 낯설었다,지역 특산물을 현대적으로 잘 살린 것 같다,4,제품을 이해하는데 도움이 된다,4,옆면에 작게 적혀있다 색깔이 비슷하다,3,9900,맛있긴 했지만 조금 더 고민해볼 것 같다,남,20~30대,
2025/05/14 5:52:05 오후 GMT+9,"아니요, 처음 들어봅니다.",5,,5,,피스타치오,전통과 현대가 조화된 창의적인 디저트,"신선하고 독특하다, 좋았다",지역 특산물을 현대적으로 잘 살린 것 같다,5,제품을 이해하는데 도움이 된다,5,,5,,바로 구매하고 싶다,남,20~30대,
2025/05/14 5:53:18 오후 GMT+9,"아니요, 처음 들어봅니다.",4,당도가 높지 않아서,4,고소한 맛이 강해서,다크 헤이즐넛,트렌디하고 인스타그램에 잘 어울리는 디저트;선물용으로 적합한 프리미엄 디저트,"신선하고 독특하다, 좋았다","괜찮았지만, 좀 더 알기 쉽게 강조되면 좋겠다",3,예상치 못했다,4,,3,,선물용으로 고려 중이다,남,20~30대,
2025/05/14 5:54:13 오후 GMT+9,"아니요, 처음 들어봅니다.",3,맛있어요,5,맛있어요!,다크 헤이즐넛,전통과 현대가 조화된 창의적인 디저트,"신선하고 독특하다, 좋았다",지역 특산물을 현대적으로 잘 살린 것 같다,5,제품을 이해하는데 도움이 된다;심미적으로 좋다,5,되게 예쁘고 좋아요,5,6000원,맛있긴 했지만 조금 더 고민해볼 것 같다,남,20~30대,
2025/05/14 5:55:39 오후 GMT+9,"네, 알고 있습니다.",5,고급스러움,5,고급스러움,다크 헤이즐넛,트렌디하고 인스타그램에 잘 어울리는 디저트;전통과 현대가 조화된 창의적인 디저트;선물용으로 적합한 프리미엄 디저트,"신선하고 독특하다, 좋았다",지역 특산물을 현대적으로 잘 살린 것 같다,4,심미적으로 좋다,4,,1,8000,선물용으로 고려 중이다,남,20~30대,
2025/05/14 5:57:35 오후 GMT+9,"네, 알고 있습니다.",,,5,,,선물용으로 적합한 프리미엄 디저트;간편하게 즐길 수 있는 디저트,"신선하고 독특하다, 좋았다",지역 특산물을 현대적으로 잘 살린 것 같다,4,제품을 이해하는데 도움이 된다;예상치 못했다;심미적으로 좋다,5,,4,,선물용으로 고려 중이다,여,20~30대,
2025/05/14 6:32:44 오후 GMT+9,"네, 알고 있습니다.",5,"신선한 맛이고, 너무 잘 어울렸다",5,초코 맛이 많이 나서 좋았다,피스타치오,트렌디하고 인스타그램에 잘 어울리는 디저트;선물용으로 적합한 프리미엄 디저트,특별하긴 했으나 조금 낯설었다,지역 특산물을 현대적으로 잘 살린 것 같다,5,제품을 이해하는데 도움이 된다;예상치 못했다,3,정확히 구분이 좀 어려웠다,3,10000원이면 제일 좋을거 같다,선물용으로 고려 중이다,남,20~30대,홧팅 태윤!!
2025/05/14 6:32:50 오후 GMT+9,"아니요, 처음 들어봅니다.",5,,5,,다크 헤이즐넛,간편하게 즐길 수 있는 디저트,"신선하고 독특하다, 좋았다",지역 특산물을 현대적으로 잘 살린 것 같다,5,제품을 이해하는데 도움이 된다;예상치 못했다,5,,5,,선물용으로 고려 중이다,여,20~30대,
2025/05/14 6:38:15 오후 GMT+9,"아니요, 처음 들어봅니다.",5,쿠키가 달콤짭짤하고 견과류 토핑이 맛있습니다!,,,피스타치오,선물용으로 적합한 프리미엄 디저트;간편하게 즐길 수 있는 디저트,"신선하고 독특하다, 좋았다","괜찮았지만, 좀 더 알기 쉽게 강조되면 좋겠다",5,심미적으로 좋다,3,집중해서 봐야 구별할 수 있을 것 같다,2,,선물용으로 고려 중이다,여,20~30대,
2025/05/15 12:11:00 오후 GMT+9,"아니요, 처음 들어봅니다.",5,쿠키와 파스타치오가 잘 어울린다.,5,다크 초콜릿의 쌉쌀한 맛이 쿠키와 잘 어울렸습니다!,피스타치오,트렌디하고 인스타그램에 잘 어울리는 디저트;선물용으로 적합한 프리미엄 디저트,"신선하고 독특하다, 좋았다","괜찮았지만, 좀 더 알기 쉽게 강조되면 좋겠다",4,제품을 이해하는데 도움이 된다;예상치 못했다;심미적으로 좋다,4,,4,지금 가격도 적당한 것 같다.,선물용으로 고려 중이다,남,20~30대,화이팅입니다 ㅎㅎ 
2025/05/15 12:27:43 오후 GMT+9,"아니요, 처음 들어봅니다.",2,조금 많이 단 것 같아요 ,,,,트렌디하고 인스타그램에 잘 어울리는 디저트;간편하게 즐길 수 있는 디저트,"신선하고 독특하다, 좋았다","괜찮았지만, 좀 더 알기 쉽게 강조되면 좋겠다",3,제품을 이해하는데 도움이 된다;설명이 부족하다,2,스티커가 눈에 잘 띄지 않았다,2,,구매 의사가 없다,남,20~30대,
2025/05/15 12:33:45 오후 GMT+9,"네, 알고 있습니다.",5,,,,,트렌디하고 인스타그램에 잘 어울리는 디저트;간편하게 즐길 수 있는 디저트,"신선하고 독특하다, 좋았다","괜찮았지만, 좀 더 알기 쉽게 강조되면 좋겠다",5,제품을 이해하는데 도움이 된다;포함되어 있는 방식이 불편하다;예상치 못했다,3,,2,,맛있긴 했지만 조금 더 고민해볼 것 같다,여,10대,
2025/05/15 12:34:30 오후 GMT+9,"네, 알고 있습니다.",,,5,대추맛이랑 너무 잘 어울리고 맛있습니다!! (처음 먹어보는 맛이었어요!),,전통과 현대가 조화된 창의적인 디저트;선물용으로 적합한 프리미엄 디저트,"신선하고 독특하다, 좋았다",지역 특산물을 현대적으로 잘 살린 것 같다,5,제품을 이해하는데 도움이 된다,4,,4,,선물용으로 고려 중이다,여,,
2025/05/15 1:27:15 오후 GMT+9,"아니요, 처음 들어봅니다.",5,,,,피스타치오,트렌디하고 인스타그램에 잘 어울리는 디저트;선물용으로 적합한 프리미엄 디저트,"신선하고 독특하다, 좋았다",지역 특산물을 현대적으로 잘 살린 것 같다,5,심미적으로 좋다,4,,4,,선물용으로 고려 중이다,여,20~30대,
2025/05/15 1:27:53 오후 GMT+9,"아니요, 처음 들어봅니다.",2,,5,,다크 헤이즐넛,간편하게 즐길 수 있는 디저트,대추 토핑 맛이 느껴지지 않았다,큰 매력을 느끼지 못했다,2,"귀찮다, 인상 깊지 않다;설명 용지 재질이 적절하지 않는 것 같다;예상치 못했다",2,,1,,구매 의사가 없다,여,20~30대,
2025/05/15 1:40:59 오후 GMT+9,"아니요, 처음 들어봅니다.",,,5,너무 달지 않고 딱 적당히 맛있어요!,,선물용으로 적합한 프리미엄 디저트;간편하게 즐길 수 있는 디저트,"신선하고 독특하다, 좋았다","괜찮았지만, 좀 더 알기 쉽게 강조되면 좋겠다",5,제품을 이해하는데 도움이 된다,4,,1,8000,선물용으로 고려 중이다,남,20~30대,
2025/05/15 1:53:59 오후 GMT+9,"아니요, 처음 들어봅니다.",5,달콤쌉쌀해서 좋았어요.식감도 다양해서 좋아요!,,,,전통과 현대가 조화된 창의적인 디저트;선물용으로 적합한 프리미엄 디저트;간편하게 즐길 수 있는 디저트;청도 지역 특산물의 맛을 살린 디저트,"신선하고 독특하다, 좋았다",지역 특산물을 현대적으로 잘 살린 것 같다,5,심미적으로 좋다,3,,3,,선물용으로 고려 중이다,여,20~30대,
2025/05/15 2:14:58 오후 GMT+9,"네, 알고 있습니다.",,,4,,,전통과 현대가 조화된 창의적인 디저트;선물용으로 적합한 프리미엄 디저트;청도 지역 특산물의 맛을 살린 디저트,대추 토핑 맛이 느껴지지 않았다,"괜찮았지만, 좀 더 알기 쉽게 강조되면 좋겠다",5,제품을 이해하는데 도움이 된다;심미적으로 좋다,4,,3,,맛있긴 했지만 조금 더 고민해볼 것 같다,여,20~30대,
2025/05/15 2:41:04 오후 GMT+9,"네, 알고 있습니다.",1,싫어요,1,별로,다크 헤이즐넛,트렌디하고 인스타그램에 잘 어울리는 디저트,"신선하고 독특하다, 좋았다",지역 특산물을 현대적으로 잘 살린 것 같다,1,"귀찮다, 인상 깊지 않다",3,보통,1,아뇹,바로 구매하고 싶다,여,10대,없움
2025/05/15 3:05:53 오후 GMT+9,"네, 알고 있습니다.",5,,5,,피스타치오,선물용으로 적합한 프리미엄 디저트;간편하게 즐길 수 있는 디저트,대추와 랑그드샤가 조화롭지 못하다,큰 매력을 느끼지 못했다,3,"귀찮다, 인상 깊지 않다",1,,1,,맛있긴 했지만 조금 더 고민해볼 것 같다,여,20~30대,
2025/05/15 3:05:53 오후 GMT+9,"아니요, 처음 들어봅니다.",4,,5,,다크 헤이즐넛,선물용으로 적합한 프리미엄 디저트;간편하게 즐길 수 있는 디저트,특별하긴 했으나 조금 낯설었다,큰 매력을 느끼지 못했다,4,제품을 이해하는데 도움이 된다,4,,2,,맛있긴 했지만 조금 더 고민해볼 것 같다,여,20~30대,
2025/05/15 3:08:33 오후 GMT+9,"네, 알고 있습니다.",4,,,,,선물용으로 적합한 프리미엄 디저트;청도 지역 특산물의 맛을 살린 디저트,"신선하고 독특하다, 좋았다","괜찮았지만, 좀 더 알기 쉽게 강조되면 좋겠다",3,설명이 부족하다;심미적으로 좋다,2,,3,,맛있긴 했지만 조금 더 고민해볼 것 같다,남,20~30대,
2025/05/15 3:15:05 오후 GMT+9,"아니요, 처음 들어봅니다.",5,,,,,간편하게 즐길 수 있는 디저트;청도 지역 특산물의 맛을 살린 디저트,"신선하고 독특하다, 좋았다",지역 특산물을 현대적으로 잘 살린 것 같다,5,제품을 이해하는데 도움이 된다,4,,4,,맛있긴 했지만 조금 더 고민해볼 것 같다,여,20~30대,
2025/05/15 3:15:11 오후 GMT+9,"네, 알고 있습니다.",5,,,,,트렌디하고 인스타그램에 잘 어울리는 디저트;선물용으로 적합한 프리미엄 디저트,대추 토핑 맛이 느껴지지 않았다,지역 특산물을 현대적으로 잘 살린 것 같다,5,제품을 이해하는데 도움이 된다,2,,2,8000,맛있긴 했지만 조금 더 고민해볼 것 같다,여,20~30대,
2025/05/15 3:25:49 오후 GMT+9,"네, 알고 있습니다.",4,,,,피스타치오,전통과 현대가 조화된 창의적인 디저트,특별하긴 했으나 조금 낯설었다,지역 특산물을 현대적으로 잘 살린 것 같다,4,제품을 이해하는데 도움이 된다,2,,3,,맛있긴 했지만 조금 더 고민해볼 것 같다,여,20~30대,
2025/05/15 3:28:12 오후 GMT+9,"네, 알고 있습니다.",,,4,대추가 조금 쓴 맛이 난다,다크 헤이즐넛,트렌디하고 인스타그램에 잘 어울리는 디저트;선물용으로 적합한 프리미엄 디저트,대추와 랑그드샤가 조화롭지 못하다,약간 조화되지 못한 느낌,5,제품을 이해하는데 도움이 된다;심미적으로 좋다,2,박스에서 크게 티가 안남,3,,맛있긴 했지만 조금 더 고민해볼 것 같다,여,20~30대,
2025/05/15 4:41:25 오후 GMT+9,"네, 알고 있습니다.",5,,,,,선물용으로 적합한 프리미엄 디저트,대추와 랑그드샤가 조화롭지 못하다,지역 특산물을 현대적으로 잘 살린 것 같다,3,설명이 부족하다,2,,4,,맛있긴 했지만 조금 더 고민해볼 것 같다,여,20~30대,
2025/05/15 4:46:50 오후 GMT+9,"네, 알고 있습니다.",,,4,버터가 적당히 들어간 것 같아서 부드러움과 바삭함이 잘 유지되는 것이 잘 느껴짐,,선물용으로 적합한 프리미엄 디저트;청도 지역 특산물의 맛을 살린 디저트,대추 토핑 맛이 느껴지지 않았다,"괜찮았지만, 좀 더 알기 쉽게 강조되면 좋겠다",4,불필요하다,2,,2,7~8천원,맛있긴 했지만 조금 더 고민해볼 것 같다,남,20~30대,
2025/05/15 4:47:46 오후 GMT+9,"아니요, 처음 들어봅니다.",5,,5,달달하지만 너무 달지 않아서,,트렌디하고 인스타그램에 잘 어울리는 디저트;선물용으로 적합한 프리미엄 디저트,"신선하고 독특하다, 좋았다",지역 특산물을 현대적으로 잘 살린 것 같다,4,제품을 이해하는데 도움이 된다,4,,2,"9,900 원",선물용으로 고려 중이다,남,20~30대,
2025/05/15 5:28:30 오후 GMT+9,"아니요, 처음 들어봅니다.",3,맛을 본 적이 없어요.,4,맛있어요. 근데 막 엄청 놀라운 맛은 아니고 평범하게 잘 맛있는 것 같아요.,다크 헤이즐넛,트렌디하고 인스타그램에 잘 어울리는 디저트;선물용으로 적합한 프리미엄 디저트,"신선하고 독특하다, 좋았다",지역 특산물을 현대적으로 잘 살린 것 같다,3,예상치 못했다,2,모르겠어요,2,9900원,맛있긴 했지만 조금 더 고민해볼 것 같다,여,,감사합니다
2025/05/15 5:32:18 오후 GMT+9,"네, 알고 있습니다.",,,5,안에 초코와 쿠키가 넘 잘 어울려요,,선물용으로 적합한 프리미엄 디저트;청도 지역 특산물의 맛을 살린 디저트,"신선하고 독특하다, 좋았다",지역 특산물을 현대적으로 잘 살린 것 같다,5,제품을 이해하는데 도움이 된다,1,잘 안 보였다,4,,선물용으로 고려 중이다,여,20~30대,
2025/05/15 5:38:04 오후 GMT+9,"네, 알고 있습니다.",5,,5,단 초코도 별로 안 좋아하고 쓴 초코도 별로 안 좋아 하는데 이건 텍스처랑 맛 둘 다 완벽합니다 ..,다크 헤이즐넛,간편하게 즐길 수 있는 디저트;청도 지역 특산물의 맛을 살린 디저트,"신선하고 독특하다, 좋았다",큰 매력을 느끼지 못했다,4,제품을 이해하는데 도움이 된다;심미적으로 좋다,2,다크 초코라고 해서 색이 눈에 띄게 진할 거라 생각했는데 주황빛이라 쉽게 구분하지 못했다.,3,"10,000원",맛있긴 했지만 조금 더 고민해볼 것 같다,여,20~30대,랑그드샤 자체가 너무 맛있는데 얇아서(특히 가장자리가 얇아서)선물용으로 적합한 고급미가 부족한 거 같다
2025/05/15 5:47:03 오후 GMT+9,"네, 알고 있습니다.",,,4,맛있는데 가격대비 별로,,트렌디하고 인스타그램에 잘 어울리는 디저트;청도 지역 특산물의 맛을 살린 디저트,대추 토핑 맛이 느껴지지 않았다,큰 매력을 느끼지 못했다,5,설명이 부족하다;설명 용지 재질이 적절하지 않는 것 같다;예상치 못했다,3,,1,8천원 이상이면 안 살 것 같아요,맛있긴 했지만 조금 더 고민해볼 것 같다,여,20~30대,
2025/05/15 6:01:10 오후 GMT+9,"아니요, 처음 들어봅니다.",,,4,안에 크림이 맛있고 바깥 쿠키가 맛있다,다크 헤이즐넛,전통과 현대가 조화된 창의적인 디저트,특별하긴 했으나 조금 낯설었다,지역 특산물을 현대적으로 잘 살린 것 같다,4,예상치 못했다;불필요하다,3,,3,,맛있긴 했지만 조금 더 고민해볼 것 같다,남,20~30대,
2025/05/15 6:01:49 오후 GMT+9,"아니요, 처음 들어봅니다.",,,5,,다크 헤이즐넛,트렌디하고 인스타그램에 잘 어울리는 디저트;선물용으로 적합한 프리미엄 디저트,특별하긴 했으나 조금 낯설었다,지역 특산물을 현대적으로 잘 살린 것 같다,5,제품을 이해하는데 도움이 된다,5,,5,,바로 구매하고 싶다,남,20~30대,
2025/05/16 11:15:17 오전 GMT+9,"아니요, 처음 들어봅니다.",4,,4,,,트렌디하고 인스타그램에 잘 어울리는 디저트;선물용으로 적합한 프리미엄 디저트,대추 토핑 맛이 느껴지지 않았다,"청도 특산품이라는 타이틀이 메인인 만큼, 대추 맛이 더 잘 느껴지게 하고 대추도 더 많이 들어갔으면 좋겠어요. 안에 크림?은 맛있었는데 밖에 과자가 조금 밋밋한 거 같아서 좀만 더 달달하게 하면 좋을 거 같아요(이건 그냥 제 의견이고 개인 취향이라는 거 감안해 주세요). ",4,제품을 이해하는데 도움이 된다;심미적으로 좋다;설명이 딱 적당한 거 같아요 너무 길면 읽기도 귀찮으니까요!,1,솔직히 지금도 제가 먹은 게 무슨 맛인지 모르겠어요.. 무슨 맛인지는 구별하기 힘든 거 같아요,2,10개를 지금 가격에 판매하는 게 좋을 거 같아요,맛있긴 했지만 조금 더 고민해볼 것 같다,여,20~30대,
2025/05/19 12:06:37 오후 GMT+9,"네, 알고 있습니다.",5,맛있음,5,맛있음,다크 헤이즐넛,선물용으로 적합한 프리미엄 디저트,"신선하고 독특하다, 좋았다",지역 특산물을 현대적으로 잘 살린 것 같다,5,보지 못함,3,상자포장은 못봤음,3,9900원,맛있긴 했지만 조금 더 고민해볼 것 같다,여,20~30대,패키지가 귀엽고 예뻐요!